site_id,input_ptx,output_dir,variant,shrub_csv,metrics_csv,tree_inventory_csv,fuels_raster,dtm_raster,chm_raster,stdout_log,stderr_log,returncode,used_cache,ptx_name,ptx_date_token,ptx_date,ptx_quality_score
calaveras-big-trees,/home/jovyan/work/Dry-shRub/shrub/Final/artifacts/labeling/ptx_cache/calaveras-big-trees/CATCU_0001_20240923_1.ptx,/home/jovyan/work/Dry-shRub/shrub/Final/artifacts/labeling/calaveras-big-trees/sprint3/revised/CATCU_0001_20240923_1,revised,/home/jovyan/work/Dry-shRub/shrub/Final/artifacts/labeling/calaveras-big-trees/sprint3/revised/CATCU_0001_20240923_1/Shrubs/CATCU_0001_20240923_1.csv,/home/jovyan/work/Dry-shRub/shrub/Final/artifacts/labeling/calaveras-big-trees/sprint3/revised/CATCU_0001_20240923_1/metrics/CATCU_0001_20240923_1_metrics.csv,/home/jovyan/work/Dry-shRub/shrub/Final/artifacts/labeling/calaveras-big-trees/sprint3/revised/CATCU_0001_20240923_1/Inventory/CATCU_0001_20240923_1_inv.csv,,/home/jovyan/work/Dry-shRub/shrub/Final/artifacts/labeling/calaveras-big-trees/sprint3/revised/CATCU_0001_20240923_1/dtm/CATCU_0001_20240923_1_dtm.tif,/home/jovyan/work/Dry-shRub/shrub/Final/artifacts/labeling/calaveras-big-trees/sprint3/revised/CATCU_0001_20240923_1/chm/CATCU_0001_20240923_1_chm.tif,/home/jovyan/work/Dry-shRub/shrub/Final/artifacts/labeling/calaveras-big-trees/sprint3/revised/CATCU_0001_20240923_1/stdout.log,/home/jovyan/work/Dry-shRub/shrub/Final/artifacts/labeling/calaveras-big-trees/sprint3/revised/CATCU_0001_20240923_1/stderr.log,0,False,,,,
calaveras-big-trees,/home/jovyan/work/Dry-shRub/shrub/Final/artifacts/labeling/ptx_cache/calaveras-big-trees/CATCU_0008_20250615_1.ptx,/home/jovyan/work/Dry-shRub/shrub/Final/artifacts/labeling/calaveras-big-trees/sprint3/original/CATCU_0008_20250615_1,original,/home/jovyan/work/Dry-shRub/shrub/Final/artifacts/labeling/calaveras-big-trees/sprint3/original/CATCU_0008_20250615_1/Shrubs/CATCU_0008_20250615_1.csv,/home/jovyan/work/Dry-shRub/shrub/Final/artifacts/labeling/calaveras-big-trees/sprint3/original/CATCU_0008_20250615_1/metrics/CATCU_0008_20250615_1_metrics.csv,/home/jovyan/work/Dry-shRub/shrub/Final/artifacts/labeling/calaveras-big-trees/sprint3/original/CATCU_0008_20250615_1/Inventory/CATCU_0008_20250615_1_inv.csv,/home/jovyan/work/Dry-shRub/shrub/Final/artifacts/labeling/calaveras-big-trees/sprint3/original/CATCU_0008_20250615_1/Fuels/CATCU_0008_20250615_1.tif,/home/jovyan/work/Dry-shRub/shrub/Final/artifacts/labeling/calaveras-big-trees/sprint3/original/CATCU_0008_20250615_1/dtm/CATCU_0008_20250615_1_dtm.tif,/home/jovyan/work/Dry-shRub/shrub/Final/artifacts/labeling/calaveras-big-trees/sprint3/original/CATCU_0008_20250615_1/chm/CATCU_0008_20250615_1_chm.tif,/home/jovyan/work/Dry-shRub/shrub/Final/artifacts/labeling/calaveras-big-trees/sprint3/original/CATCU_0008_20250615_1/stdout.log,/home/jovyan/work/Dry-shRub/shrub/Final/artifacts/labeling/calaveras-big-trees/sprint3/original/CATCU_0008_20250615_1/stderr.log,0,False,,,,
calaveras-big-trees,/home/jovyan/work/Dry-shRub/shrub/Final/artifacts/labeling/ptx_cache/calaveras-big-trees/CATCU_0008_20250615_1.ptx,/home/jovyan/work/Dry-shRub/shrub/Final/artifacts/labeling/calaveras-big-trees/sprint3/revised/CATCU_0008_20250615_1,revised,/home/jovyan/work/Dry-shRub/shrub/Final/artifacts/labeling/calaveras-big-trees/sprint3/revised/CATCU_0008_20250615_1/Shrubs/CATCU_0008_20250615_1.csv,/home/jovyan/work/Dry-shRub/shrub/Final/artifacts/labeling/calaveras-big-trees/sprint3/revised/CATCU_0008_20250615_1/metrics/CATCU_0008_20250615_1_metrics.csv,/home/jovyan/work/Dry-shRub/shrub/Final/artifacts/labeling/calaveras-big-trees/sprint3/revised/CATCU_0008_20250615_1/Inventory/CATCU_0008_20250615_1_inv.csv,/home/jovyan/work/Dry-shRub/shrub/Final/artifacts/labeling/calaveras-big-trees/sprint3/revised/CATCU_0008_20250615_1/Fuels/CATCU_0008_20250615_1.tif,/home/jovyan/work/Dry-shRub/shrub/Final/artifacts/labeling/calaveras-big-trees/sprint3/revised/CATCU_0008_20250615_1/dtm/CATCU_0008_20250615_1_dtm.tif,/home/jovyan/work/Dry-shRub/shrub/Final/artifacts/labeling/calaveras-big-trees/sprint3/revised/CATCU_0008_20250615_1/chm/CATCU_0008_20250615_1_chm.tif,/home/jovyan/work/Dry-shRub/shrub/Final/artifacts/labeling/calaveras-big-trees/sprint3/revised/CATCU_0008_20250615_1/stdout.log,/home/jovyan/work/Dry-shRub/shrub/Final/artifacts/labeling/calaveras-big-trees/sprint3/revised/CATCU_0008_20250615_1/stderr.log,0,False,,,,
independence-lake,/home/jovyan/work/Dry-shRub/shrub/Final/artifacts/labeling/ptx_cache/independence-lake/CATNF_6040_20250820_1.ptx,/home/jovyan/work/Dry-shRub/shrub/Final/artifacts/labeling/independence-lake/sprint3/original/CATNF_6040_20250820_1,original,/home/jovyan/work/Dry-shRub/shrub/Final/artifacts/labeling/independence-lake/sprint3/original/CATNF_6040_20250820_1/Shrubs/CATNF_6040_20250820_1.csv,/home/jovyan/work/Dry-shRub/shrub/Final/artifacts/labeling/independence-lake/sprint3/original/CATNF_6040_20250820_1/metrics/CATNF_6040_20250820_1_metrics.csv,/home/jovyan/work/Dry-shRub/shrub/Final/artifacts/labeling/independence-lake/sprint3/original/CATNF_6040_20250820_1/Inventory/CATNF_6040_20250820_1_inv.csv,/home/jovyan/work/Dry-shRub/shrub/Final/artifacts/labeling/independence-lake/sprint3/original/CATNF_6040_20250820_1/Fuels/CATNF_6040_20250820_1.tif,/home/jovyan/work/Dry-shRub/shrub/Final/artifacts/labeling/independence-lake/sprint3/original/CATNF_6040_20250820_1/dtm/CATNF_6040_20250820_1_dtm.tif,/home/jovyan/work/Dry-shRub/shrub/Final/artifacts/labeling/independence-lake/sprint3/original/CATNF_6040_20250820_1/chm/CATNF_6040_20250820_1_chm.tif,/home/jovyan/work/Dry-shRub/shrub/Final/artifacts/labeling/independence-lake/sprint3/original/CATNF_6040_20250820_1/stdout.log,/home/jovyan/work/Dry-shRub/shrub/Final/artifacts/labeling/independence-lake/sprint3/original/CATNF_6040_20250820_1/stderr.log,0,False,,,,
independence-lake,/home/jovyan/work/Dry-shRub/shrub/Final/artifacts/labeling/ptx_cache/independence-lake/CATNF_6040_20250820_1.ptx,/home/jovyan/work/Dry-shRub/shrub/Final/artifacts/labeling/independence-lake/sprint3/revised/CATNF_6040_20250820_1,revised,/home/jovyan/work/Dry-shRub/shrub/Final/artifacts/labeling/independence-lake/sprint3/revised/CATNF_6040_20250820_1/Shrubs/CATNF_6040_20250820_1.csv,/home/jovyan/work/Dry-shRub/shrub/Final/artifacts/labeling/independence-lake/sprint3/revised/CATNF_6040_20250820_1/metrics/CATNF_6040_20250820_1_metrics.csv,/home/jovyan/work/Dry-shRub/shrub/Final/artifacts/labeling/independence-lake/sprint3/revised/CATNF_6040_20250820_1/Inventory/CATNF_6040_20250820_1_inv.csv,/home/jovyan/work/Dry-shRub/shrub/Final/artifacts/labeling/independence-lake/sprint3/revised/CATNF_6040_20250820_1/Fuels/CATNF_6040_20250820_1.tif,/home/jovyan/work/Dry-shRub/shrub/Final/artifacts/labeling/independence-lake/sprint3/revised/CATNF_6040_20250820_1/dtm/CATNF_6040_20250820_1_dtm.tif,/home/jovyan/work/Dry-shRub/shrub/Final/artifacts/labeling/independence-lake/sprint3/revised/CATNF_6040_20250820_1/chm/CATNF_6040_20250820_1_chm.tif,/home/jovyan/work/Dry-shRub/shrub/Final/artifacts/labeling/independence-lake/sprint3/revised/CATNF_6040_20250820_1/stdout.log,/home/jovyan/work/Dry-shRub/shrub/Final/artifacts/labeling/independence-lake/sprint3/revised/CATNF_6040_20250820_1/stderr.log,0,False,,,,
calaveras-big-trees,/home/jovyan/work/Dry-shRub/shrub/Final/artifacts/labeling/ptx_cache/calaveras-big-trees/CATCU_0009_20250615_1.ptx,/home/jovyan/work/Dry-shRub/shrub/Final/artifacts/labeling/calaveras-big-trees/sprint3/original/CATCU_0009_20250615_1,original,/home/jovyan/work/Dry-shRub/shrub/Final/artifacts/labeling/calaveras-big-trees/sprint3/original/CATCU_0009_20250615_1/Shrubs/CATCU_0009_20250615_1.csv,/home/jovyan/work/Dry-shRub/shrub/Final/artifacts/labeling/calaveras-big-trees/sprint3/original/CATCU_0009_20250615_1/metrics/CATCU_0009_20250615_1_metrics.csv,/home/jovyan/work/Dry-shRub/shrub/Final/artifacts/labeling/calaveras-big-trees/sprint3/original/CATCU_0009_20250615_1/Inventory/CATCU_0009_20250615_1_inv.csv,/home/jovyan/work/Dry-shRub/shrub/Final/artifacts/labeling/calaveras-big-trees/sprint3/original/CATCU_0009_20250615_1/Fuels/CATCU_0009_20250615_1.tif,/home/jovyan/work/Dry-shRub/shrub/Final/artifacts/labeling/calaveras-big-trees/sprint3/original/CATCU_0009_20250615_1/dtm/CATCU_0009_20250615_1_dtm.tif,/home/jovyan/work/Dry-shRub/shrub/Final/artifacts/labeling/calaveras-big-trees/sprint3/original/CATCU_0009_20250615_1/chm/CATCU_0009_20250615_1_chm.tif,/home/jovyan/work/Dry-shRub/shrub/Final/artifacts/labeling/calaveras-big-trees/sprint3/original/CATCU_0009_20250615_1/stdout.log,/home/jovyan/work/Dry-shRub/shrub/Final/artifacts/labeling/calaveras-big-trees/sprint3/original/CATCU_0009_20250615_1/stderr.log,0,True,CATCU_0009_20250615_1.ptx,20250615.0,2025-06-15 00:00:00,
calaveras-big-trees,/home/jovyan/work/Dry-shRub/shrub/Final/artifacts/labeling/ptx_cache/calaveras-big-trees/CATCU_0009_20250615_1.ptx,/home/jovyan/work/Dry-shRub/shrub/Final/artifacts/labeling/calaveras-big-trees/sprint3/revised/CATCU_0009_20250615_1,revised,/home/jovyan/work/Dry-shRub/shrub/Final/artifacts/labeling/calaveras-big-trees/sprint3/revised/CATCU_0009_20250615_1/Shrubs/CATCU_0009_20250615_1.csv,/home/jovyan/work/Dry-shRub/shrub/Final/artifacts/labeling/calaveras-big-trees/sprint3/revised/CATCU_0009_20250615_1/metrics/CATCU_0009_20250615_1_metrics.csv,/home/jovyan/work/Dry-shRub/shrub/Final/artifacts/labeling/calaveras-big-trees/sprint3/revised/CATCU_0009_20250615_1/Inventory/CATCU_0009_20250615_1_inv.csv,/home/jovyan/work/Dry-shRub/shrub/Final/artifacts/labeling/calaveras-big-trees/sprint3/revised/CATCU_0009_20250615_1/Fuels/CATCU_0009_20250615_1.tif,/home/jovyan/work/Dry-shRub/shrub/Final/artifacts/labeling/calaveras-big-trees/sprint3/revised/CATCU_0009_20250615_1/dtm/CATCU_0009_20250615_1_dtm.tif,/home/jovyan/work/Dry-shRub/shrub/Final/artifacts/labeling/calaveras-big-trees/sprint3/revised/CATCU_0009_20250615_1/chm/CATCU_0009_20250615_1_chm.tif,/home/jovyan/work/Dry-shRub/shrub/Final/artifacts/labeling/calaveras-big-trees/sprint3/revised/CATCU_0009_20250615_1/stdout.log,/home/jovyan/work/Dry-shRub/shrub/Final/artifacts/labeling/calaveras-big-trees/sprint3/revised/CATCU_0009_20250615_1/stderr.log,0,True,CATCU_0009_20250615_1.ptx,20250615.0,2025-06-15 00:00:00,
dl-bliss,/home/jovyan/work/Dry-shRub/shrub/Final/artifacts/labeling/ptx_cache/dl-bliss/CAAEU_0027_20250728_1.ptx,/home/jovyan/work/Dry-shRub/shrub/Final/artifacts/labeling/dl-bliss/sprint3/original/CAAEU_0027_20250728_1,original,/home/jovyan/work/Dry-shRub/shrub/Final/artifacts/labeling/dl-bliss/sprint3/original/CAAEU_0027_20250728_1/Shrubs/CAAEU_0027_20250728_1.csv,/home/jovyan/work/Dry-shRub/shrub/Final/artifacts/labeling/dl-bliss/sprint3/original/CAAEU_0027_20250728_1/metrics/CAAEU_0027_20250728_1_metrics.csv,/home/jovyan/work/Dry-shRub/shrub/Final/artifacts/labeling/dl-bliss/sprint3/original/CAAEU_0027_20250728_1/Inventory/CAAEU_0027_20250728_1_inv.csv,/home/jovyan/work/Dry-shRub/shrub/Final/artifacts/labeling/dl-bliss/sprint3/original/CAAEU_0027_20250728_1/Fuels/CAAEU_0027_20250728_1.tif,/home/jovyan/work/Dry-shRub/shrub/Final/artifacts/labeling/dl-bliss/sprint3/original/CAAEU_0027_20250728_1/dtm/CAAEU_0027_20250728_1_dtm.tif,/home/jovyan/work/Dry-shRub/shrub/Final/artifacts/labeling/dl-bliss/sprint3/original/CAAEU_0027_20250728_1/chm/CAAEU_0027_20250728_1_chm.tif,/home/jovyan/work/Dry-shRub/shrub/Final/artifacts/labeling/dl-bliss/sprint3/original/CAAEU_0027_20250728_1/stdout.log,/home/jovyan/work/Dry-shRub/shrub/Final/artifacts/labeling/dl-bliss/sprint3/original/CAAEU_0027_20250728_1/stderr.log,0,True,CAAEU_0027_20250728_1.ptx,20250728.0,2025-07-28 00:00:00,
dl-bliss,/home/jovyan/work/Dry-shRub/shrub/Final/artifacts/labeling/ptx_cache/dl-bliss/CAAEU_0027_20250728_1.ptx,/home/jovyan/work/Dry-shRub/shrub/Final/artifacts/labeling/dl-bliss/sprint3/revised/CAAEU_0027_20250728_1,revised,/home/jovyan/work/Dry-shRub/shrub/Final/artifacts/labeling/dl-bliss/sprint3/revised/CAAEU_0027_20250728_1/Shrubs/CAAEU_0027_20250728_1.csv,/home/jovyan/work/Dry-shRub/shrub/Final/artifacts/labeling/dl-bliss/sprint3/revised/CAAEU_0027_20250728_1/metrics/CAAEU_0027_20250728_1_metrics.csv,/home/jovyan/work/Dry-shRub/shrub/Final/artifacts/labeling/dl-bliss/sprint3/revised/CAAEU_0027_20250728_1/Inventory/CAAEU_0027_20250728_1_inv.csv,/home/jovyan/work/Dry-shRub/shrub/Final/artifacts/labeling/dl-bliss/sprint3/revised/CAAEU_0027_20250728_1/Fuels/CAAEU_0027_20250728_1.tif,/home/jovyan/work/Dry-shRub/shrub/Final/artifacts/labeling/dl-bliss/sprint3/revised/CAAEU_0027_20250728_1/dtm/CAAEU_0027_20250728_1_dtm.tif,/home/jovyan/work/Dry-shRub/shrub/Final/artifacts/labeling/dl-bliss/sprint3/revised/CAAEU_0027_20250728_1/chm/CAAEU_0027_20250728_1_chm.tif,/home/jovyan/work/Dry-shRub/shrub/Final/artifacts/labeling/dl-bliss/sprint3/revised/CAAEU_0027_20250728_1/stdout.log,/home/jovyan/work/Dry-shRub/shrub/Final/artifacts/labeling/dl-bliss/sprint3/revised/CAAEU_0027_20250728_1/stderr.log,0,True,CAAEU_0027_20250728_1.ptx,20250728.0,2025-07-28 00:00:00,
independence-lake,/home/jovyan/work/Dry-shRub/shrub/Final/artifacts/labeling/ptx_cache/independence-lake/CATNF_6118_20250820_1.ptx,/home/jovyan/work/Dry-shRub/shrub/Final/artifacts/labeling/independence-lake/sprint3/original/CATNF_6118_20250820_1,original,/home/jovyan/work/Dry-shRub/shrub/Final/artifacts/labeling/independence-lake/sprint3/original/CATNF_6118_20250820_1/Shrubs/CATNF_6118_20250820_1.csv,/home/jovyan/work/Dry-shRub/shrub/Final/artifacts/labeling/independence-lake/sprint3/original/CATNF_6118_20250820_1/metrics/CATNF_6118_20250820_1_metrics.csv,/home/jovyan/work/Dry-shRub/shrub/Final/artifacts/labeling/independence-lake/sprint3/original/CATNF_6118_20250820_1/Inventory/CATNF_6118_20250820_1_inv.csv,/home/jovyan/work/Dry-shRub/shrub/Final/artifacts/labeling/independence-lake/sprint3/original/CATNF_6118_20250820_1/Fuels/CATNF_6118_20250820_1.tif,/home/jovyan/work/Dry-shRub/shrub/Final/artifacts/labeling/independence-lake/sprint3/original/CATNF_6118_20250820_1/dtm/CATNF_6118_20250820_1_dtm.tif,/home/jovyan/work/Dry-shRub/shrub/Final/artifacts/labeling/independence-lake/sprint3/original/CATNF_6118_20250820_1/chm/CATNF_6118_20250820_1_chm.tif,/home/jovyan/work/Dry-shRub/shrub/Final/artifacts/labeling/independence-lake/sprint3/original/CATNF_6118_20250820_1/stdout.log,/home/jovyan/work/Dry-shRub/shrub/Final/artifacts/labeling/independence-lake/sprint3/original/CATNF_6118_20250820_1/stderr.log,0,True,CATNF_6118_20250820_1.ptx,20250820.0,2025-08-20 00:00:00,
independence-lake,/home/jovyan/work/Dry-shRub/shrub/Final/artifacts/labeling/ptx_cache/independence-lake/CATNF_6118_20250820_1.ptx,/home/jovyan/work/Dry-shRub/shrub/Final/artifacts/labeling/independence-lake/sprint3/revised/CATNF_6118_20250820_1,revised,/home/jovyan/work/Dry-shRub/shrub/Final/artifacts/labeling/independence-lake/sprint3/revised/CATNF_6118_20250820_1/Shrubs/CATNF_6118_20250820_1.csv,/home/jovyan/work/Dry-shRub/shrub/Final/artifacts/labeling/independence-lake/sprint3/revised/CATNF_6118_20250820_1/metrics/CATNF_6118_20250820_1_metrics.csv,/home/jovyan/work/Dry-shRub/shrub/Final/artifacts/labeling/independence-lake/sprint3/revised/CATNF_6118_20250820_1/Inventory/CATNF_6118_20250820_1_inv.csv,/home/jovyan/work/Dry-shRub/shrub/Final/artifacts/labeling/independence-lake/sprint3/revised/CATNF_6118_20250820_1/Fuels/CATNF_6118_20250820_1.tif,/home/jovyan/work/Dry-shRub/shrub/Final/artifacts/labeling/independence-lake/sprint3/revised/CATNF_6118_20250820_1/dtm/CATNF_6118_20250820_1_dtm.tif,/home/jovyan/work/Dry-shRub/shrub/Final/artifacts/labeling/independence-lake/sprint3/revised/CATNF_6118_20250820_1/chm/CATNF_6118_20250820_1_chm.tif,/home/jovyan/work/Dry-shRub/shrub/Final/artifacts/labeling/independence-lake/sprint3/revised/CATNF_6118_20250820_1/stdout.log,/home/jovyan/work/Dry-shRub/shrub/Final/artifacts/labeling/independence-lake/sprint3/revised/CATNF_6118_20250820_1/stderr.log,0,True,CATNF_6118_20250820_1.ptx,20250820.0,2025-08-20 00:00:00,
pacific-union-college,/home/jovyan/work/Dry-shRub/shrub/Final/artifacts/labeling/ptx_cache/pacific-union-college/CALNU_0039_20250810_1.ptx,/home/jovyan/work/Dry-shRub/shrub/Final/artifacts/labeling/pacific-union-college/sprint3/original/CALNU_0039_20250810_1,original,/home/jovyan/work/Dry-shRub/shrub/Final/artifacts/labeling/pacific-union-college/sprint3/original/CALNU_0039_20250810_1/Shrubs/CALNU_0039_20250810_1.csv,/home/jovyan/work/Dry-shRub/shrub/Final/artifacts/labeling/pacific-union-college/sprint3/original/CALNU_0039_20250810_1/metrics/CALNU_0039_20250810_1_metrics.csv,/home/jovyan/work/Dry-shRub/shrub/Final/artifacts/labeling/pacific-union-college/sprint3/original/CALNU_0039_20250810_1/Inventory/CALNU_0039_20250810_1_inv.csv,/home/jovyan/work/Dry-shRub/shrub/Final/artifacts/labeling/pacific-union-college/sprint3/original/CALNU_0039_20250810_1/Fuels/CALNU_0039_20250810_1.tif,/home/jovyan/work/Dry-shRub/shrub/Final/artifacts/labeling/pacific-union-college/sprint3/original/CALNU_0039_20250810_1/dtm/CALNU_0039_20250810_1_dtm.tif,/home/jovyan/work/Dry-shRub/shrub/Final/artifacts/labeling/pacific-union-college/sprint3/original/CALNU_0039_20250810_1/chm/CALNU_0039_20250810_1_chm.tif,/home/jovyan/work/Dry-shRub/shrub/Final/artifacts/labeling/pacific-union-college/sprint3/original/CALNU_0039_20250810_1/stdout.log,/home/jovyan/work/Dry-shRub/shrub/Final/artifacts/labeling/pacific-union-college/sprint3/original/CALNU_0039_20250810_1/stderr.log,0,True,CALNU_0039_20250810_1.ptx,20250810.0,2025-08-10 00:00:00,
pacific-union-college,/home/jovyan/work/Dry-shRub/shrub/Final/artifacts/labeling/ptx_cache/pacific-union-college/CALNU_0039_20250810_1.ptx,/home/jovyan/work/Dry-shRub/shrub/Final/artifacts/labeling/pacific-union-college/sprint3/revised/CALNU_0039_20250810_1,revised,/home/jovyan/work/Dry-shRub/shrub/Final/artifacts/labeling/pacific-union-college/sprint3/revised/CALNU_0039_20250810_1/Shrubs/CALNU_0039_20250810_1.csv,/home/jovyan/work/Dry-shRub/shrub/Final/artifacts/labeling/pacific-union-college/sprint3/revised/CALNU_0039_20250810_1/metrics/CALNU_0039_20250810_1_metrics.csv,/home/jovyan/work/Dry-shRub/shrub/Final/artifacts/labeling/pacific-union-college/sprint3/revised/CALNU_0039_20250810_1/Inventory/CALNU_0039_20250810_1_inv.csv,/home/jovyan/work/Dry-shRub/shrub/Final/artifacts/labeling/pacific-union-college/sprint3/revised/CALNU_0039_20250810_1/Fuels/CALNU_0039_20250810_1.tif,/home/jovyan/work/Dry-shRub/shrub/Final/artifacts/labeling/pacific-union-college/sprint3/revised/CALNU_0039_20250810_1/dtm/CALNU_0039_20250810_1_dtm.tif,/home/jovyan/work/Dry-shRub/shrub/Final/artifacts/labeling/pacific-union-college/sprint3/revised/CALNU_0039_20250810_1/chm/CALNU_0039_20250810_1_chm.tif,/home/jovyan/work/Dry-shRub/shrub/Final/artifacts/labeling/pacific-union-college/sprint3/revised/CALNU_0039_20250810_1/stdout.log,/home/jovyan/work/Dry-shRub/shrub/Final/artifacts/labeling/pacific-union-college/sprint3/revised/CALNU_0039_20250810_1/stderr.log,0,True,CALNU_0039_20250810_1.ptx,20250810.0,2025-08-10 00:00:00,
sedgwick,/home/jovyan/work/Dry-shRub/shrub/Final/artifacts/labeling/ptx_cache/sedgwick/CASBC_0087_20250712_1.ptx,/home/jovyan/work/Dry-shRub/shrub/Final/artifacts/labeling/sedgwick/sprint3/original/CASBC_0087_20250712_1,original,/home/jovyan/work/Dry-shRub/shrub/Final/artifacts/labeling/sedgwick/sprint3/original/CASBC_0087_20250712_1/Shrubs/CASBC_0087_20250712_1.csv,/home/jovyan/work/Dry-shRub/shrub/Final/artifacts/labeling/sedgwick/sprint3/original/CASBC_0087_20250712_1/metrics/CASBC_0087_20250712_1_metrics.csv,/home/jovyan/work/Dry-shRub/shrub/Final/artifacts/labeling/sedgwick/sprint3/original/CASBC_0087_20250712_1/Inventory/CASBC_0087_20250712_1_inv.csv,/home/jovyan/work/Dry-shRub/shrub/Final/artifacts/labeling/sedgwick/sprint3/original/CASBC_0087_20250712_1/Fuels/CASBC_0087_20250712_1.tif,/home/jovyan/work/Dry-shRub/shrub/Final/artifacts/labeling/sedgwick/sprint3/original/CASBC_0087_20250712_1/dtm/CASBC_0087_20250712_1_dtm.tif,/home/jovyan/work/Dry-shRub/shrub/Final/artifacts/labeling/sedgwick/sprint3/original/CASBC_0087_20250712_1/chm/CASBC_0087_20250712_1_chm.tif,/home/jovyan/work/Dry-shRub/shrub/Final/artifacts/labeling/sedgwick/sprint3/original/CASBC_0087_20250712_1/stdout.log,/home/jovyan/work/Dry-shRub/shrub/Final/artifacts/labeling/sedgwick/sprint3/original/CASBC_0087_20250712_1/stderr.log,0,True,CASBC_0087_20250712_1.ptx,20250712.0,2025-07-12 00:00:00,
sedgwick,/home/jovyan/work/Dry-shRub/shrub/Final/artifacts/labeling/ptx_cache/sedgwick/CASBC_0087_20250712_1.ptx,/home/jovyan/work/Dry-shRub/shrub/Final/artifacts/labeling/sedgwick/sprint3/revised/CASBC_0087_20250712_1,revised,/home/jovyan/work/Dry-shRub/shrub/Final/artifacts/labeling/sedgwick/sprint3/revised/CASBC_0087_20250712_1/Shrubs/CASBC_0087_20250712_1.csv,/home/jovyan/work/Dry-shRub/shrub/Final/artifacts/labeling/sedgwick/sprint3/revised/CASBC_0087_20250712_1/metrics/CASBC_0087_20250712_1_metrics.csv,/home/jovyan/work/Dry-shRub/shrub/Final/artifacts/labeling/sedgwick/sprint3/revised/CASBC_0087_20250712_1/Inventory/CASBC_0087_20250712_1_inv.csv,/home/jovyan/work/Dry-shRub/shrub/Final/artifacts/labeling/sedgwick/sprint3/revised/CASBC_0087_20250712_1/Fuels/CASBC_0087_20250712_1.tif,/home/jovyan/work/Dry-shRub/shrub/Final/artifacts/labeling/sedgwick/sprint3/revised/CASBC_0087_20250712_1/dtm/CASBC_0087_20250712_1_dtm.tif,/home/jovyan/work/Dry-shRub/shrub/Final/artifacts/labeling/sedgwick/sprint3/revised/CASBC_0087_20250712_1/chm/CASBC_0087_20250712_1_chm.tif,/home/jovyan/work/Dry-shRub/shrub/Final/artifacts/labeling/sedgwick/sprint3/revised/CASBC_0087_20250712_1/stdout.log,/home/jovyan/work/Dry-shRub/shrub/Final/artifacts/labeling/sedgwick/sprint3/revised/CASBC_0087_20250712_1/stderr.log,0,True,CASBC_0087_20250712_1.ptx,20250712.0,2025-07-12 00:00:00,
shaver-lake,/home/jovyan/work/Dry-shRub/shrub/Final/artifacts/labeling/ptx_cache/shaver-lake/CAFKU_0096_20240804_1.ptx,/home/jovyan/work/Dry-shRub/shrub/Final/artifacts/labeling/shaver-lake/sprint3/original/CAFKU_0096_20240804_1,original,/home/jovyan/work/Dry-shRub/shrub/Final/artifacts/labeling/shaver-lake/sprint3/original/CAFKU_0096_20240804_1/Shrubs/CAFKU_0096_20240804_1.csv,/home/jovyan/work/Dry-shRub/shrub/Final/artifacts/labeling/shaver-lake/sprint3/original/CAFKU_0096_20240804_1/metrics/CAFKU_0096_20240804_1_metrics.csv,/home/jovyan/work/Dry-shRub/shrub/Final/artifacts/labeling/shaver-lake/sprint3/original/CAFKU_0096_20240804_1/Inventory/CAFKU_0096_20240804_1_inv.csv,/home/jovyan/work/Dry-shRub/shrub/Final/artifacts/labeling/shaver-lake/sprint3/original/CAFKU_0096_20240804_1/Fuels/CAFKU_0096_20240804_1.tif,/home/jovyan/work/Dry-shRub/shrub/Final/artifacts/labeling/shaver-lake/sprint3/original/CAFKU_0096_20240804_1/dtm/CAFKU_0096_20240804_1_dtm.tif,/home/jovyan/work/Dry-shRub/shrub/Final/artifacts/labeling/shaver-lake/sprint3/original/CAFKU_0096_20240804_1/chm/CAFKU_0096_20240804_1_chm.tif,/home/jovyan/work/Dry-shRub/shrub/Final/artifacts/labeling/shaver-lake/sprint3/original/CAFKU_0096_20240804_1/stdout.log,/home/jovyan/work/Dry-shRub/shrub/Final/artifacts/labeling/shaver-lake/sprint3/original/CAFKU_0096_20240804_1/stderr.log,0,False,CAFKU_0096_20240804_1.ptx,20240804.0,2024-08-04 00:00:00,2722729600.001701
shaver-lake,/home/jovyan/work/Dry-shRub/shrub/Final/artifacts/labeling/ptx_cache/shaver-lake/CAFKU_0096_20240804_1.ptx,/home/jovyan/work/Dry-shRub/shrub/Final/artifacts/labeling/shaver-lake/sprint3/revised/CAFKU_0096_20240804_1,revised,/home/jovyan/work/Dry-shRub/shrub/Final/artifacts/labeling/shaver-lake/sprint3/revised/CAFKU_0096_20240804_1/Shrubs/CAFKU_0096_20240804_1.csv,/home/jovyan/work/Dry-shRub/shrub/Final/artifacts/labeling/shaver-lake/sprint3/revised/CAFKU_0096_20240804_1/metrics/CAFKU_0096_20240804_1_metrics.csv,/home/jovyan/work/Dry-shRub/shrub/Final/artifacts/labeling/shaver-lake/sprint3/revised/CAFKU_0096_20240804_1/Inventory/CAFKU_0096_20240804_1_inv.csv,/home/jovyan/work/Dry-shRub/shrub/Final/artifacts/labeling/shaver-lake/sprint3/revised/CAFKU_0096_20240804_1/Fuels/CAFKU_0096_20240804_1.tif,/home/jovyan/work/Dry-shRub/shrub/Final/artifacts/labeling/shaver-lake/sprint3/revised/CAFKU_0096_20240804_1/dtm/CAFKU_0096_20240804_1_dtm.tif,/home/jovyan/work/Dry-shRub/shrub/Final/artifacts/labeling/shaver-lake/sprint3/revised/CAFKU_0096_20240804_1/chm/CAFKU_0096_20240804_1_chm.tif,/home/jovyan/work/Dry-shRub/shrub/Final/artifacts/labeling/shaver-lake/sprint3/revised/CAFKU_0096_20240804_1/stdout.log,/home/jovyan/work/Dry-shRub/shrub/Final/artifacts/labeling/shaver-lake/sprint3/revised/CAFKU_0096_20240804_1/stderr.log,0,False,CAFKU_0096_20240804_1.ptx,20240804,2024-08-04 00:00:00,2722729600.001701
